token,meat_count,no_meat_count
a,3,1
a't,1,0
abeceda,0,1
add,1,0
affumicato,3,0
aglio,11,29
ai,13,0
aiol,2,0
aivar,1,0
ajvar,6,1
akawi,0,1
aktualny,0,2
akvarit,1,0
al,9,3
alebob,1,0
alexandro,2,0
alfred,1,2
alio,1,0
aljassky,15,0
all,0,2
alla,1,0
allo,9,8
alma,4,0
alobal,14,0
alpsky,2,1
aly,1,0
amatrician,2,2
amazonsky,1,0
amer,9,1
americ,1,0
american,2,0
americky,120,28
americkym,0,1
americkymi,2,1
amica,1,0
amsterdam,1,0
ananas,50,6
ananasom,1,0
ananasova,0,1
ananasovy,7,0
anannas,1,0
anas,1,0
anatra,1,0
ancovicka,2,0
ancovickovy,1,0
andaluzsky,2,0
angl,4,0
anglicka,1,0
anglickej,1,0
anglickou,0,1
anglicky,49,10
anglickysalat,1,0
antonio,2,0
aoprazeny,0,1
appel,0,1
apples,0,1
ar,1,0
arabiata,0,1
arabiatta,1,0
arabiatto,0,1
arabiaty,5,5
arabic,1,0
arabsky,7,5
aragula,0,1
arajes,1,4
arancini,1,0
arasid,3,3
arasida,1,0
arasidovy,5,3
arborio,0,1
argentina,1,0
argentinsky,2,0
armensky,0,1
aro,0,1
arrabbiaty,0,1
arrabiaty,0,1
articok,6,0
articoka,2,1
articokami,0,1
articoky,1,0
arugula,5,0
asagnut,0,2
asiago,1,0
asparagus,1,0
at,18,4
atarsky,0,1
atensky,1,0
australsky,1,0
autunno,0,1
avokad,1,0
avokado,10,7
avokadovy,1,5
az,3,1
azdovsky,1,0
azia,2,0
azijsky,10,1
azt,0,1
azu,1,0
b,120,88
baba,140,37
babickin,3,2
babickina,2,3
babkin,1,0
baby,4,2
bac,1,0
baca,1,0
baci,1,0
bacon,6,1
bacov,2,1
bacovsky,17,1
bacskat,1,0
badian,2,1
badianovy,1,0
bageta,11,11
bagetka,24,20
baka,0,1
baked,29,4
baklazan,20,27
baklazanovy,4,3
bakony,1,0
balada,1,1
balatonsky,1,1
balkan,1,0
balkansky,18,21
balls,1,4
balotinka,1,0
balsamic,3,2
balsamico,1,5
balsamiko,1,0
balzamic,1,0
balzamicovy,1,0
balzamik,2,2
bambi,1,0
bambin,1,0
bambino,3,0
bamboo,3,0
bambusovy,3,1
banan,0,9
bananovy,0,5
banbin,1,0
banicky,1,0
bantinka,1,0
bar,1,0
barani,33,2
baranie,1,0
barany,1,1
barbecue,14,2
barbeque,6,0
barmsky,1,0
basilicata,0,2
basit,4,3
basmati,13,5
basta,4,0
batat,5,5
batata,3,0
batatovy,17,5
bavarit,1,0
bavcov,1,0
bavorsky,20,4
bayalka,1,0
bayildi,0,1
bazalk,1,0
bazalka,60,45
bazalkou,1,3
bazalkovo,4,0
bazalkovy,49,33
bazalkovym,1,0
bazalok,1,0
bazant,9,0
bazanti,2,1
bazat,3,0
bbq,47,3
bcb,1,0
bean,3,2
beans,1,3
beckovsky,4,0
beef,23,0
beer,1,0
bejba,1,0
bel,1,0
belasy,1,0
belehradska,3,0
belehradske,1,0
belehradsky,5,0
belgicky,4,1
belugo,0,3
benatsky,3,0
bernwurst,1,0
besamel,5,4
besamela,1,0
besamelova,0,1
besamelovy,1,0
bezlepkovy,3,6
bezmasity,0,1
bezvajecny,0,1
bianco,2,0
bielat,3,4
bielou,1,0
biely,39,34
biftecka,4,0
biftek,1,0
big,1,0
bigol,1,0
bigos,1,0
bilinkovy,2,0
bio,7,2
bird,1,0
birra,1,0
bisi,0,1
bisit,1,0
biznis,8,0
blansirovany,4,1
bleu,70,0
bleue,2,0
blue,36,1
bluechees,1,0
bo,3,0
bob,1,0
boba,0,1
bobkovy,1,0
bobovy,0,1
bochnik,1,0
bocik,22,1
bodkovany,1,0
bohemia,1,0
boiled,18,5
bojnicky,3,0
bok,3,0
bollognesa,0,1
bolognesa,72,0
bolognese,2,0
bologness,13,0
bolognesse,1,0
bolognez,1,0
bolognies,0,1
bolognsky,1,1
boloneza,1,0
bolonske,1,0
bolonsky,57,1
boneless,1,0
bordeaux,2,0
borievkovy,0,1
borsc,35,9
bosniak,2,0
bouillon,1,0
bourbon,0,1
bourginon,1,0
boutignon,1,0
br,44,0
bra,1,0
brabcovy,1,0
brambor,1,0
bramboracka,0,6
brancovy,1,0
brandy,3,0
braten,1,0
bratisklavsky,0,1
bratislavsky,27,5
brav,30,0
brava,2,0
bravcat,37,0
bravcov,15,0
bravcova,9,0
bravcove,10,0
bravcoveho,1,0
bravcovej,2,0
bravcovinka,3,0
bravcovy,2022,0
bravcovym,1,0
bravit,18,0
braziliana,1,0
brazilsky,1,0
bread,3,1
breadcrumbs,1,1
breast,15,0
breclavsky,2,0
bretansky,0,1
bretonska,0,1
bretonsky,1,0
brie,1,1
brioska,1,0
brnensky,4,0
broccol,0,3
broccoli,1,0
brocol,1,0
brocolli,1,0
brodo,0,2
brok,1,0
broknut,1,0
brokol,0,1
brokolica,89,91
brokolicou,2,0
brokolicov,0,2
brokolicova,1,4
brokolicove,2,0
brokolicovo,4,9
brokolicovy,40,135
broskinovy,1,0
broskyna,45,5
broskynovo,0,1
broskynovy,14,10
broskynpvy,0,1
broskynut,1,0
broth,8,3
brownie,0,1
browniest,0,3
bruley,0,1
brunois,0,1
bruschetto,0,5
bruschetty,1,0
brusnica,44,65
brusnicami,1,0
brusnicovo,3,0
brusnicovou,1,0
brusnicovy,22,50
bryndat,1,0
bryndza,39,13
bryndzou,0,1
bryndzov,1,0
bryndzove,1,1
bryndzovo,0,1
bryndzovvy,0,1
bryndzovy,151,42
bublanian,0,1
bublanina,0,6
buchta,1,90
buchticka,3,62
buchty,0,3
buckwheat,0,1
budapest,2,0
budapestiansky,4,0
buddeso,1,0
budejovicky,2,0
buff,1,0
buffalo,1,0
buffat,1,0
bufon,0,1
bugacs,1,0
bugatt,1,0
bugt,2,0
bulgur,15,17
bulgura,0,1
bulgurovy,3,1
bulharsky,2,2
bun,8,0
buns,0,2
buratto,0,1
burgenladsky,1,0
burger,44,7
burgun,1,0
burgundsky,10,0
burgunske,2,0
burgunsky,4,0
burito,1,0
buritos,2,0
butchers,1,0
butter,1,3
buttered,0,3
bybarry,1,0
byci,2,0
byk,3,0
bylin,1,0
bylina,3,0
bylink,4,0
bylinka,70,24
bylinkami,0,1
bylinkov,1,0
bylinkovo,6,0
bylinkovy,170,59
bylinkovym,1,1
bystricky,2,0
byvolia,0,1
bzgl,2,9
c,95,57
caba,1,0
cabagga,1,0
cabajsky,1,0
cabbaga,6,0
cacciator,1,0
caesar,21,5
cafe,1,0
caj,0,18
cakanka,3,1
calabres,2,1
calabrit,1,0
calamada,91,11
caldon,1,0
californit,3,1
calzon,0,2
camember,1,0
camembert,4,13
camembertovy,2,0
cammeber,0,1
canederlit,1,0
canellon,1,0
cannellon,2,2
cannelon,0,1
cantharellus,1,0
capar,3,0
capara,1,1
caparovy,1,0
capers,1,0
capovany,1,1
cappuccino,0,1
caprat,0,1
capres,3,5
caprese,1,0
capresso,2,1
capricios,0,1
capricioss,5,0
caramelized,2,0
carattierat,1,0
carbonar,54,0
carbonara,3,0
cardinale,13,4
cardinall,3,0
caren,34,1
caribic,1,0
carmello,0,1
carne,1,0
carnut,1,1
caro,2,0
carotto,0,1
carpaccio,1,0
carpacio,1,0
carpacium,0,1
carpathian,1,0
carrot,5,3
carrots,2,0
caruzo,0,1
cass,2,0
cassarecce,1,0
cat,0,3
catfish,1,0
catnut,1,1
catny,4,1
cauliflower,0,6
cavallo,1,0
cavolfior,1,0
ceasar,1,2
ceazar,0,1
cedar,2,0
cedarit,2,0
celer,1,3
celerovy,0,1
celestinky,1,0
celestinsky,16,2
celok,2,0
celozrnny,4,11
celozrny,0,1
cely,3,1
cena,27,14
cennik,0,1
ceresna,0,1
ceresnovy,1,0
cerhonor,1,0
cerit,2,0
cernohoriet,44,0
cernohorsky,57,1
cerstvo,0,1
cerstvy,175,92
cersvy,1,0
certove,0,1
certovsky,2,0
cerv,3,0
cervany,1,0
cervena,4,2
cervene,1,0
cerveneho,0,1
cervenej,1,1
cerveno,1,2
cerveny,214,66
ces,4,0
cesar,2,0
cesky,5,9
cesn,2,0
cesnacka,5,10
cesnak,116,35
cesnakovo,7,2
cesnakovom,1,0
cesnakovy,125,141
cesnakovymi,0,1
cesnok,0,1
cest,2,0
cesta,7,7
cester,1,0
cesticka,23,2
cesticko,192,22
cesticku,6,0
cestik,1,0
cestivuna,1,0
cesto,7,12
cestovima,1,0
cestovina,323,160
cestovinka,1,1
cestovinou,0,2
cestovinove,1,0
cestovinovo,1,0
cestovinovy,37,10
cestoviny,3,1
cestovinys,0,1
cestovy,0,1
cestvina,1,0
cevabcici,31,0
cevap,1,0
cevapcici,24,1
cezar,14,5
cezaro,0,1
cezer,0,1
cglba,0,1
cha,1,0
chabovec,1,0
chaluparsky,1,0
chana,0,1
changas,0,1
channa,0,1
chardonnay,1,0
chateaubriand,2,0
chba,1,0
chedar,2,0
chedarit,4,0
cheddar,14,2
chees,21,14
cheesburger,3,0
cheeseburger,2,0
cheesecaka,0,1
chef,2,0
chera,3,2
cherry,60,53
cherubin,2,0
chery,0,1
chesnuts,2,0
chessburger,2,0
chi,0,1
chia,1,0
chicago,1,0
chickno,62,0
chickpeas,1,1
chilla,6,0
chilli,7,1
chilt,123,25
chimichang,1,0
chimichanga,0,1
chimichure,1,0
chimichurr,3,1
chin,1,0
chinesa,1,0
chipes,1,0
chipollina,0,1
chips,27,7
chipsa,6,4
chit,5,1
chl,1,0
chladeny,0,1
chlapsky,2,0
chlebik,13,8
chlebom,1,2
chlebomzat,1,0
chlebovy,2,6
chleibat,1,0
chlieb,356,174
chliebks,2,1
chlpaty,1,0
cho,1,0
choco,0,1
choica,0,1
choop,1,0
chop,2,0
choriz,1,3
chorizat,1,0
chorizo,4,1
chorizzo,1,0
chorvatsko,1,0
chorvatsky,1,0
chowder,1,0
chren,31,1
chrenom,0,1
chrenovka,1,0
chrenovo,0,1
chrenovou,1,0
chrenovy,59,6
chrumka,0,1
chrumkavat,2,0
chrumkavy,27,10
chut,2,1
chutit,1,0
chutnay,0,1
chutney,6,2
chutny,2,1
chvost,1,0
ciabata,2,0
ciabatto,2,2
ciabatty,0,1
ciberi,0,1
cibul,2,2
cibula,200,23
cibulacka,2,25
cibulka,272,53
cibulkou,2,1
cibulkovy,3,1
cibulou,1,0
cibulov,1,0
cibulova,0,1
cibulovy,34,27
cibuly,1,0
cibut,3,4
cicer,8,19
cicerom,0,1
ciceroovy,0,1
cicerovo,1,0
cicerovy,14,47
cickno,1,0
ciernohoriet,2,0
ciernohorske,1,0
ciernohorsky,39,1
cierny,24,12
cifersky,1,0
ciganska,2,0
cigansky,52,0
cigaro,2,3
cikansky,1,0
cikos,3,2
cili,12,2
cina,1,0
cinat,6,0
cinska,1,0
cinsky,50,12
cinsy,1,0
cips,3,1
cir,2,7
cira,0,1
cirat,0,1
ciry,6,38
cisarsky,1,3
citron,29,9
citronovo,8,2
citronovy,28,6
citrusovy,9,0
cittadelles,2,0
cketovo,1,0
ckolada,0,1
clasico,1,0
classic,1,4
classica,1,0
classico,1,0
club,1,0
cmund,1,0
cocoa,0,3
coconut,0,1
coctailovy,1,0
cognt,1,0
coko,0,9
cokolada,1,48
cokoladou,0,1
cokoladovo,0,2
cokoladovy,2,18
cokopoleva,0,1
coleslav,2,0
coleslaw,16,0
colorfut,1,0
compot,0,1
comsommy,1,0
con,48,12
concasy,0,1
conchigli,1,0
consom,1,0
consomit,1,0
consommy,3,0
contadina,0,2
corba,2,0
cordon,51,0
corn,15,2
cornflak,1,0
cornflakes,6,0
cornflex,1,0
corns,1,0
cottaga,0,6
cottage,0,1
cottagechees,1,0
cotto,1,9
coulis,0,1
country,2,0
cous,4,6
couscous,2,1
couvert,0,1
cranberriesit,0,1
cranberry,0,1
crat,2,7
cream,6,12
crema,1,5
cresso,1,0
cret,1,0
croquettes,1,0
croutons,0,3
crud,1,0
cruda,1,0
crudo,11,0
crumba,0,1
crusit,1,1
csavargo,1,0
cuchany,1,0
cuco,0,1
cucoriedka,2,4
cucoriedkovou,0,1
cucoriedkovy,1,11
cucumbert,1,0
cuketa,66,52
cuketova,0,1
cuketovo,4,6
cuketovy,14,36
cukina,8,15
cukinovo,0,1
cukinovy,1,5
cukor,3,44
cukrov,0,1
cukrovy,1,4
culatello,2,1
cumin,1,2
cupcaka,0,1
curd,0,4
curry,12,5
cus,0,1
cusky,1,0
cutlet,5,0
cutlets,0,1
cvapcici,1,0
cvikla,58,31
cviklou,0,2
cviklovo,3,4
cviklovy,27,28
cviknut,2,0
d,5,8
dakovat,0,1
dallo,1,0
dalmatinsky,1,0
dalmatsky,1,0
dang,1,0
daniel,3,1
daniela,0,1
dar,2,0
dat,0,2
datlo,0,1
davany,1,0
day,0,1
de,1,0
debrecena,5,0
debrecinsky,12,0
dedinsky,1,0
deep,2,2
deer,1,0
dekorovany,1,0
delena,2,0
delikatesa,2,0
delles,1,0
dem,22,2
demiglaci,5,0
demiglao,1,0
demiglas,1,0
demiglasy,1,0
demikat,4,9
den,3,3
denne,1,1
denny,10,13
desert,0,1
desiatovy,9,1
dessert,0,1
detvan,1,0
detvianska,1,0
detviansky,6,2
devit,1,0
dezert,9,11
dhat,0,1
diablo,2,0
diabolsky,18,1
diana,3,0
diavola,6,1
diavolo,0,2
dijon,3,1
dijonskej,0,1
dijonskou,2,1
dijonsky,17,1
dill,1,0
dinstovany,1,0
dionsky,0,1
dip,54,36
dipp,1,0
dit,6,9
diviaci,2,0
diviak,17,0
divina,5,1
divinove,1,0
divinovy,35,2
divoka,0,1
divoko,2,0
divoky,2,1
divy,0,1
djuviect,1,0
dla,0,1
doblok,1,1
dobro,1,0
dobry,6,1
dochuteny,2,5
dog,2,0
dolka,2,5
dollar,1,1
dolny,1,0
domaca,57,18
domacapareny,1,0
domace,1,1
domaci,417,204
domacimi,1,0
domacou,0,1
domak,3,0
domazlicky,1,0
donald,1,0
donovalsky,1,0
doplneny,1,0
doprava,4,6
doruzova,1,0
dough,5,0
dr,1,1
draci,1,0
drak,1,0
drbak,0,1
dres,3,0
dresing,110,43
dresingom,1,0
dresning,1,0
dressig,0,1
dressing,209,90
dressingdruh,0,1
dressingom,2,11
dressit,1,0
dresso,0,1
dresssing,0,1
drevo,2,0
drevorubacsky,3,1
drezing,12,4
drobkovy,0,2
drobky,3,0
drobny,2,0
drotarsky,1,0
drozdie,0,1
drozdovy,0,2
drtit,4,1
druh,16,26
druhy,0,2
drven,1,0
drveny,8,4
drvit,14,1
drzka,2,0
drzkova,2,0
drzkovy,34,0
drzky,1,0
dubak,10,8
dubakova,1,0
dubakovo,0,1
dubakovy,28,4
dubovy,3,0
duck,1,0
dukat,11,2
dukatik,2,5
dukatovy,2,64
dula,1,0
dulovy,0,1
dumbierat,0,1
dumpliing,1,0
dumpling,9,0
dumplings,4,3
dunajsky,0,1
duo,4,10
dus,1,0
dusena,24,1
dusene,1,0
duseny,723,53
dusit,13,0
dutch,1,0
dva,3,1
dvojfarebny,3,0
dvojicky,0,1
dvojity,5,0
dy,6,0
dzem,1,61
dzemovy,0,1
dzus,1,2
dzuviect,0,1
e,15,10
econom,2,3
egg,5,4
eggchees,0,2
eggplant,0,2
eggs,0,1
eidam,20,20
ekvicovy,0,1
el,2,0
ela,1,0
eleninovy,0,1
emental,13,1
ementalovy,1,0
emiakovy,1,1
emlovka,0,1
emulzia,1,0
enchilada,1,0
enchiladas,2,0
encian,52,181
enciana,1,0
encianovy,1,1
england,1,0
eno,2,0
enoky,1,0
epinader,0,1
espanola,1,0
espuma,0,1
esterhaza,1,0
estragon,4,0
eur,50,6
euro,7,6
exclusivo,0,1
exklusivo,1,0
expresso,1,0
extra,5,4
eye,2,0
ezert,0,1
fajitas,3,0
fajitasit,3,0
fajnovy,1,0
fajnsmeker,1,0
falafiet,0,4
falafl,0,1
falosnej,1,0
falosnwt,1,0
falosny,11,2
fanka,0,4
fantasit,2,0
fantazia,2,0
fararsky,1,0
farba,2,0
farebny,14,7
farfale,4,0
farfall,18,17
farfalle,2,0
farmarsky,6,1
farmer,1,0
farsky,0,1
fasa,1,0
fasirka,71,19
fasirkaks,1,0
fatoria,1,0
favat,1,0
fazul,2,1
fazula,37,24
fazule,1,0
fazulka,53,9
fazulkach,2,0
fazulkovy,14,23
fazulou,1,0
fazuloug,1,0
fazulov,1,3
fazulova,1,5
fazulove,1,1
fazulovica,3,1
fazulovy,131,156
fazulovymi,2,0
fazut,1,0
fefer,1,0
feferon,33,0
feferona,1,0
feferonka,12,2
feferonovy,2,0
felicita,0,1
fenikel,14,4
feniklovo,1,0
feniklovy,2,1
fenniet,1,0
ferdinand,0,1
feta,29,49
fetou,1,0
fettuccina,3,2
fettucini,0,1
fetucin,1,1
fetucinne,0,1
fiaker,1,0
fialovy,2,1
figa,1,2
figovy,3,0
fil,4,0
file,75,1
filet,83,0
filetka,2,1
filety,1,0
filled,7,3
fillet,5,0
filleto,1,0
filling,1,1
finocchiona,1,0
finsky,1,0
fiorentina,1,0
fis,0,1
fish,15,0
fit,13,16
fitnes,3,0
fitness,1,2
fitt,1,0
fittnes,0,1
flakes,11,0
flaks,1,0
flambovany,0,2
flamender,1,0
flamenderv,0,1
flamera,0,1
flamsko,1,0
flan,2,0
flank,12,0
fleks,1,0
fliacik,6,8
fliacka,2,6
florida,4,0
focaccio,2,0
food,9,2
forestra,2,0
formaaggi,0,1
formaggi,5,42
formaggidruh,0,3
formaggio,1,0
formaggiodruh,0,1
formaghi,2,3
formaghidruh,0,1
formagi,0,3
formagia,0,1
formagidruh,0,1
formagio,0,1
forte,0,1
fout,1,0
fr,1,1
fra,2,0
fracuzsky,0,1
fragiolo,1,0
fraicha,3,4
frais,1,0
fraischa,1,0
fran,0,2
francesec,1,0
francuzka,0,4
francuzke,0,1
francuzky,2,5
francuzska,1,2
francuzske,0,2
francuzsko,7,45
francuzsky,23,66
francuzskym,0,3
franfurktsky,1,0
franfurtsky,1,0
frankfursky,3,0
frankfurt,3,0
frankfurtska,2,0
frankfurtsky,103,1
franuzsky,1,0
frecha,0,1
fren,5,2
french,0,1
fres,1,0
fresh,4,29
fricassy,1,0
fridatov,3,0
fridatovy,2,0
frieda,17,9
friesit,3,0
frikasy,1,0
fritata,1,1
fritovany,8,4
from,16,2
fruit,1,5
fruitt,1,0
frutt,1,0
funghi,38,16
fungi,0,1
furkotsky,1,0
furman,1,2
furmanska,1,0
furmansky,14,4
fusilt,12,12
fusit,0,1
fuso,1,0
fussila,0,2
fussilt,1,1
fussit,1,0
g,26,10
ga,4,0
gai,2,0
gaiantina,1,0
galangal,0,1
galantina,1,0
ganadra,0,1
garden,1,0
garlica,4,2
garnish,1,0
gaspacho,0,1
gastan,5,4
gastanov,1,0
gastanovy,6,8
gastanpvy,0,1
gat,1,0
gaz,2,0
gazd,1,0
gazda,3,2
gazdovska,2,0
gazdovsky,39,2
gemersky,1,0
genialny,0,1
genov,0,1
genoveso,3,1
ger,1,0
germknedl,1,0
germknoediet,0,1
giall,1,0
gigantes,0,2
ginko,0,1
giordano,1,0
giorgia,0,1
giovanny,1,0
girlovany,1,0
giros,1,0
glace,2,1
glaci,18,0
glas,0,1
glass,3,0
glaz,1,0
glazovany,7,1
glazura,2,0
glazurovany,3,0
gnnocchi,1,0
gnocch,1,0
gnocchi,38,24
gnochi,5,5
gnock,0,2
godollo,1,0
goj,0,1
gombolec,0,1
good,7,2
goralsky,1,1
gordon,69,0
goreng,2,0
gorgonzola,4,6
gorgonzolovy,6,5
gouda,1,2
goulaha,1,0
goulash,10,1
gr,1,0
grahamovy,0,2
gramaz,3,0
grana,2,1
granadiersky,0,8
granadir,2,3
granadirsky,0,1
granatier,1,0
granatierka,0,1
granatiersky,5,39
granatovy,7,0
grand,2,0
grank,0,14
granko,0,7
grano,0,1
granturco,1,0
grapefruit,1,0
gratin,4,1
gratina,2,2
gratinated,1,0
gratinovany,25,13
gratinovny,1,0
gravlax,1,0
grecko,1,2
grecky,29,27
greco,1,1
greek,2,1
green,1,0
gremium,2,2
grenadiersky,0,1
grenadirsky,0,1
griesit,0,1
griiovany,0,1
gril,147,26
grila,0,1
grile,1,0
grill,3,0
grilla,5,0
grilled,18,6
grilovaci,2,0
grilovan,0,1
grilovana,3,0
grilovane,10,0
grilovany,514,260
grilovanymi,0,1
grisina,1,0
grissina,1,1
grissini,2,2
grit,15,3
gronsky,0,1
guacamola,3,1
guba,0,1
guinnes,1,0
gula,6,21
gulas,357,28
gulasik,2,1
gulasit,0,1
gulasova,3,0
gulasovy,96,10
gulicka,7,5
gulka,47,40
gulkami,1,1
gulky,3,2
gulkz,0,1
gulocka,0,1
guly,0,3
gumbo,1,0
gurman,2,0
gurmansky,3,1
guvec,1,0
gyor,1,0
gyros,105,0
gyrose,1,0
gyrosom,1,0
h,20,0
habanero,1,0
haiuska,1,0
hajnik,0,1
hakuska,1,0
halaszly,4,1
halibut,1,0
hallou,1,6
haluska,396,183
haluskami,2,1
halusky,3,2
ham,5,0
hamburger,20,0
hamburgsky,3,0
hambursky,11,0
hanacky,0,2
hannibal,1,0
haraseny,1,0
harley,2,0
harula,2,1
harulovy,1,0
hat,2,0
havat,0,1
hawa,30,3
hawai,4,1
hawaia,3,0
hawaii,1,0
hawajsky,1,0
haway,1,0
heik,3,0
hejk,8,1
hellmans,0,1
herbaceous,3,0
herbat,1,0
herbs,0,2
herkules,2,0
hermelin,25,59
hermelinom,1,1
hermelinovy,3,2
herodesit,0,2
hlavkovy,10,8
hlavny,22,0
hliva,14,30
hlivova,0,1
hlivovo,0,2
hlivovy,10,38
hlivy,1,0
hluzovka,1,2
hnedy,3,2
hniezdo,9,2
hoblina,7,10
hod,9,0
hok,1,0
hokaid,0,2
hokaida,0,1
hokaido,7,10
hokajdo,0,1
hokejka,14,2
hokkaido,5,12
hokkaidovy,1,1
hoky,7,0
holandsky,35,4
holansky,1,0
holstein,1,0
holubok,2,1
homemada,4,1
honda,1,1
honey,3,1
horacky,0,1
horc,1,0
horcica,88,5
horcicou,1,1
horcicovej,1,0
horcicovo,28,0
horcicovy,55,6
horcicovym,0,1
horcit,2,1
horehronsky,3,0
horizont,0,1
horky,0,2
hornacky,0,1
horniacky,1,0
horny,2,0
horseradish,1,0
hortobagy,0,1
horuci,3,15
hot,5,2
hovad,1,0
hovadat,1,0
hovadie,1,0
hovadza,3,0
hovadzat,1,0
hovadzi,764,0
hovadzia,7,0
hovadzie,4,0
hovadzim,1,0
hovadzimit,1,0
hovadzinka,1,0
hovbadzi,1,0
hozienko,0,1
hr,4,0
hrach,3,2
hrachova,3,1
hrachovy,115,55
hradny,2,0
hran,3,0
hranol,1,0
hranolcek,27,5
hranolka,677,203
hranolkami,2,0
hranolkamizat,1,0
hranolky,13,4
hrask,3,0
hraska,0,2
hrasko,0,1
hraskom,2,2
hraskov,0,2
hraskova,0,1
hraskovo,1,8
hraskovou,1,0
hraskovy,90,107
hrasok,171,41
hrat,1,0
hrbaty,1,0
hrbolaty,2,0
hreben,1,0
hrianka,9,2
hrib,26,2
hriba,8,5
hribami,0,2
hribik,3,3
hribikov,1,0
hribikovy,5,10
hribkovy,0,1
hribovej,1,1
hribovo,2,4
hribovou,2,0
hribovy,36,38
hrozienko,2,18
hrozienkovy,1,0
hroznovy,0,2
hrozny,4,1
hrstkov,0,1
hrstkova,1,0
hrstkovy,19,45
hrubozrnny,4,0
hruby,1,0
hrud,2,0
hruska,19,8
hruskovo,2,0
hruskovy,2,4
htranolka,0,1
hub,1,0
huba,77,31
hubach,1,0
hubarsky,2,0
hubka,1,0
hubovo,1,2
hubovy,48,44
hummos,0,2
hummus,1,3
humus,0,2
hungarian,1,0
hur,0,1
hurka,1,0
hus,1,0
husaci,10,0
husarsky,1,1
husi,1,0
huspenina,1,0
husty,7,0
hyd,1,0
hydinovy,60,0
ic,2,3
iceberg,1,0
ihla,2,0
ii,21,3
iii,2,1
iiii,0,1
iist,1,0
iistovy,0,1
imat,0,1
imbriago,1,0
imunita,1,0
in,12,0
india,1,0
indiansky,1,1
indicky,11,3
insalata,1,0
insalaton,6,0
insalatto,7,1
inspiraci,2,0
inspiracia,1,0
inspirovany,1,0
ipeceny,1,0
irish,1,0
irsko,1,0
irsky,4,0
iskender,2,0
it,1,0
ital,1,0
italia,0,1
italian,2,3
italiano,1,0
italit,1,0
italliana,0,1
jablcko,6,3
jablckovy,1,0
jablkami,0,1
jablko,30,34
jablkovo,2,8
jablkovy,5,18
jablkovym,0,1
jack,1,0
jacmenny,0,4
jadierko,3,4
jadran,0,1
jadransky,1,0
jadro,0,1
jager,1,1
jahna,1,0
jahnaci,10,1
jahno,2,0
jahoda,0,15
jahodov,1,0
jahodove,0,1
jahodovy,0,18
jalapenos,4,0
jalovec,1,0
jamajsky,1,0
jaminovy,1,0
janosik,1,0
janosikov,1,0
janosikova,1,0
janovsky,1,0
japonsky,1,0
jar,1,0
jarna,0,2
jarny,26,30
jas,1,0
jasmina,1,0
jasminov,1,0
jasminovy,32,13
jasninovy,1,0
jat,0,1
jaternica,12,0
jaternicka,4,0
javorovy,1,4
jazminovy,17,3
jazyk,3,0
jebneh,0,4
jedalny,1,1
jeden,1,0
jedlo,29,23
jelapenos,1,0
jelen,4,0
jeleni,5,0
jelenie,13,0
jeleny,15,0
jemne,37,8
jemny,22,14
jesenny,0,2
jesseny,0,1
jest,0,1
joga,1,0
jogurt,24,17
jogurtom,0,1
jogurtovo,9,2
jogurtovy,31,20
jogurtovym,0,3
joka,1,4
jokay,0,1
judasov,0,1
juhocesky,1,2
juica,2,1
julena,2,1
julien,3,0
julienne,6,5
junior,0,1
jus,5,0
juzansky,2,0
juzny,4,0
ka,1,0
kababat,1,0
kabat,4,0
kabatik,4,0
kac,1,0
kacaci,115,0
kacacinka,1,0
kacica,9,0
kacka,12,0
kai,1,0
kaiserschmarrn,0,1
kajansky,1,0
kakao,0,26
kakaom,0,1
kakaovo,0,1
kakaovy,0,10
kal,1,0
kalamar,2,0
kaldon,1,0
kalerab,1,3
kalerabovo,0,1
kalerabovy,8,18
kalifornsky,1,0
kalvados,2,0
kanadsky,0,1
kandizovany,0,1
kantonsky,1,1
kapar,8,1
kapara,6,0
kaparovy,1,0
kapat,2,2
kapia,37,8
kapiovo,2,0
kapiovy,0,1
kapor,2,0
kapsa,66,4
kapsicka,1,0
kapsky,1,0
kapsutov,1,0
kapus,0,1
kapust,4,0
kapusta,442,48
kapuste,1,0
kapustnica,26,5
kapustnik,0,1
kapustny,5,1
kapustov,17,4
kapustova,2,1
kapustovy,156,64
kapustya,0,1
kar,87,11
karamel,6,3
karamelizovany,15,7
karamelovo,0,1
karamelovy,0,9
karbanatka,1,0
karbonatka,27,25
karbonatok,1,2
kardamon,1,0
kare,204,0
karfiol,5,127
karfiolova,0,1
karfiolovo,4,5
karfiolovy,23,91
kari,20,10
karibsky,2,0
karlovarsky,21,3
karob,0,1
karotka,42,8
karotkou,1,0
karotkovo,0,1
karotkovy,7,14
karpatsky,6,0
kasa,501,54
kasou,1,0
katalansky,0,1
katuv,1,0
kava,1,1
kaviar,1,0
kaviarovy,1,0
kavovy,0,2
kaz,1,0
kebab,3,0
kebabat,20,0
kebap,2,0
kecup,25,16
kecupovy,1,0
kedla,1,0
kefirovy,1,0
kejda,0,1
kel,10,5
kelova,3,0
kelovo,1,0
kelovy,68,50
keltsky,1,0
kem,0,1
kes,6,3
kezmarsky,1,0
kha,2,0
khao,2,0
khloy,1,0
khow,2,0
khoy,1,0
kind,1,0
kinds,1,0
kiss,0,1
kit,0,1
kiwi,0,1
klasik,3,0
klicek,13,5
klicka,3,0
klobasa,206,0
klobaska,92,1
klobaskou,1,0
klobaskovy,1,0
klobasou,3,0
klobasova,2,0
klobasovy,3,0
klobit,2,0
klokan,0,1
klops,2,0
kmin,3,0
kminkovy,1,0
kminovy,0,2
kndedlicka,1,0
knedla,705,43
knedlami,1,0
knedlicek,0,1
knedlicka,18,14
knedlik,34,4
knedliy,1,0
knedlou,1,0
knedlouksa,1,0
knedly,2,0
knednut,24,0
knoblaucher,1,0
knuckle,1,0
kocka,33,11
kocko,2,0
kofola,1,2
kofta,1,1
kohlrab,0,1
kohut,1,0
kohuta,1,0
kohuti,1,0
kokos,3,1
kokose,1,0
kokosovo,0,1
kokosovy,20,13
koktejlovy,1,0
kolac,2,31
kolacik,1,1
koleno,24,0
koliba,2,0
kolienko,33,1
kolko,0,1
kolozvarsky,57,0
kominarovy,0,1
komplet,2,0
kompletny,1,0
kompot,144,11
kompotom,0,1
konakovo,1,0
konakovy,2,0
konfit,1,0
konfitovany,31,0
konopny,1,1
konsky,1,0
kopcek,2,1
kopmot,0,1
kopor,28,34
kopr,1,0
koprov,3,0
koprova,3,0
koprovy,79,12
kora,0,2
korbacik,0,1
koren,3,0
koreneny,4,0
korenie,63,1
korenina,0,4
korenise,0,1
korenisty,4,0
korenit,17,4
korenovej,0,1
korenovy,37,17
korhelsky,1,0
koriander,20,16
koriandrovy,3,2
koruna,1,0
korunka,1,0
korzicky,1,0
kosicek,1,0
kosicky,1,0
kosik,2,0
kosovsky,0,1
kost,10,1
kotbular,1,0
kotlat,1,0
kotlet,2,0
kotleta,15,0
kotletka,1,0
kotlikovy,14,0
koza,2,0
kozacky,2,0
kozi,5,19
krabi,6,1
krajany,1,0
kralici,2,0
kralik,1,0
kralovsky,4,1
krava,8,0
krcmarsky,3,0
krem,83,289
kremov,0,2
kremova,2,7
kremovy,109,277
kremzsky,0,1
kreveta,20,0
krevetok,3,0
krevetovy,3,0
kridelka,1,0
kridelko,9,1
kridielko,8,0
kridlo,9,0
krk,8,0
krkovica,2,0
krkovicka,184,0
kroketa,78,16
kroketka,2,0
krokoeta,1,0
krpok,0,1
krtove,0,2
krup,1,1
krupa,2,12
krupica,1,1
krupicovy,15,21
krupka,2,6
krupkovy,5,9
krupok,0,1
krupot,2,0
krupoto,1,3
krupovy,5,6
krusit,16,1
krusta,11,1
kruton,65,188
krutona,1,7
krutonik,0,1
krutonka,2,1
krutonmi,0,1
krutonmus,1,0
kruzok,12,3
krvanicka,1,0
krvavnica,4,0
krvavnicka,6,0
ks,75,40
ksknedla,1,0
ksks,0,1
kubansky,1,0
kubka,1,0
kuchar,1,0
kucharovy,1,0
kuchyna,2,0
kug,1,0
kukur,4,0
kukurcia,1,0
kukurica,173,35
kukuricka,8,0
kukuricny,21,8
kukuricnych,1,0
kukuricou,1,0
kukuricovo,0,2
kukuricovy,6,6
kulajda,9,36
kung,29,1
kungpau,1,0
kupelny,0,1
kur,76,1
kura,45,0
kuraci,3553,0
kuracia,13,0
kuracie,46,0
kuracim,8,0
kuracima,1,0
kuracimi,1,0
kuracinka,6,0
kuraciy,3,0
kurak,8,0
kurca,23,0
kurci,1,0
kuriatko,17,0
kuriatkovo,1,0
kuriatkovy,7,0
kuriatok,1,0
kurkum,1,0
kurkuma,5,6
kurkumovo,2,0
kurkumovy,2,2
kurste,1,0
kus,6,12
kusa,1,0
kuska,3,0
kuskami,2,0
kuskus,25,15
kuskusovy,1,0
kusky,1,0
kusok,157,12
kuttlar,1,0
kvaka,1,0
kvasnicovy,0,1
kyjevsky,7,0
kylsa,1,0
kys,12,2
kyselica,1,0
kysky,1,0
kysl,4,1
kysla,1,5
kysle,0,1
kyslo,0,6
kysly,479,253
kysnut,69,166
kysnuty,15,7
l,7,0
la,12,2
labuznicky,5,0
labuznik,1,0
laci,5,1
lad,2,2
ladovy,26,15
lahky,1,4
lahm,1,0
lahodka,0,1
lahodkovy,4,1
lahodny,0,6
lan,0,2
langos,2,5
lasagna,2,0
lasagne,3,0
lasagnut,71,42
lasagny,0,2
lasanga,1,0
lasgnut,0,1
lassagnut,2,0
lavat,0,1
lazagnut,1,0
lazane,3,2
laznicky,1,0
leaf,4,1
leberkaso,0,1
leco,18,0
lecovy,1,0
leek,5,5
leerdamer,3,0
lefeta,1,0
lego,5,0
legs,2,0
leguma,0,1
lekvar,0,51
lekvarom,0,1
lekvarovy,0,15
lemon,2,0
lenticchia,0,1
lentil,3,1
lepok,3,22
les,2,0
lesa,2,0
lesmy,0,1
lesneho,0,1
lesnicky,5,1
lesny,38,39
lesnych,1,0
letna,0,1
letny,3,3
levandula,1,0
levocsky,1,1
ley,0,1
lhraskovy,0,1
liatie,0,1
liaty,3,11
libanonsky,1,0
lic,0,1
licko,36,0
lieskovy,0,1
lievance,0,1
lievanec,1,46
lievany,0,1
ligurcek,1,1
ligurcekovy,1,1
lika,1,0
lima,2,0
limetka,7,5
limetkovo,10,2
limetkovy,11,3
limetovo,0,1
limetovy,2,0
limetto,1,0
limit,1,0
linguina,7,3
linguine,1,1
linguini,1,0
lingvina,1,0
liptovsky,2,5
list,16,10
listkon,1,0
listkovy,8,6
listoch,1,0
listok,2,2
listov,0,1
listovom,1,0
listovy,125,52
litchi,0,1
liver,3,0
livers,2,0
lizatko,0,1
ljubljan,1,0
lll,0,1
lo,1,0
loaf,4,0
loafs,0,2
lobit,2,0
lodnikov,0,1
lok,1,0
loksa,63,11
lombardsky,1,0
lomo,1,0
london,1,0
londynsky,1,0
long,0,1
look,1,0
lopticka,1,0
lord,0,1
losos,217,0
lososa,1,0
lososos,1,0
lososova,1,0
lososovity,2,0
lososovo,1,0
lososovy,21,0
lovaga,1,0
lovecky,1,0
lt,4,6
lubovolny,16,0
luca,1,0
lunex,1,0
lunexovy,2,0
lupane,1,0
lupany,7,1
lupen,1,1
lupienka,3,0
lupienkoch,1,0
lupienok,12,3
luska,18,5
luskami,4,0
luskova,0,1
luskovy,17,51
luskvy,0,1
lusky,1,0
lusok,13,6
lux,5,0
lv,0,2
lytko,2,0
m,40,14
macanka,0,1
macany,2,0
macarons,0,1
macarronada,1,0
macerovany,0,1
maces,0,1
mackany,2,1
madarsko,1,0
madarsky,110,7
madras,0,1
maestro,1,0
maggi,0,1
magno,1,0
maial,2,0
majoneza,29,9
majonezovo,1,0
majonezovy,68,3
majoran,8,7
majoranka,0,2
majorankovy,1,0
mak,0,86
makaron,2,1
makarony,0,1
makos,0,1
makovicky,0,1
makovo,0,5
makovy,0,38
makrela,3,0
malina,1,4
malinovy,1,4
maly,11,3
mamickina,1,0
mandarinka,1,2
mandarinkovy,0,2
mandel,3,3
mandla,4,0
mandlo,1,0
mandlov,0,1
mandlovej,1,0
mandlovy,12,6
mangalica,2,0
mango,4,1
mangold,2,1
mangovy,3,1
manuel,1,0
manzo,0,1
mar,2,0
marakesske,1,0
marcipan,0,1
marengo,1,0
margarita,0,2
margaritto,1,0
margerita,0,2
margharitto,6,1
margherita,2,6
marhula,3,6
marhulovy,3,11
marin,4,0
marina,1,0
marinada,20,1
marinadovany,1,0
marinar,1,1
marinina,1,0
marinovane,1,0
marinovany,84,21
marinovanym,1,0
marinovy,1,0
marlenka,0,1
marmelada,0,6
marocky,3,0
martine,1,0
mas,7,0
masa,1,0
masallo,0,1
masat,7,2
mascarpona,3,13
mascarpone,1,0
masel,1,2
mashed,15,1
masiarsky,3,0
masielko,1,8
mask,1,0
masko,69,4
masle,1,0
maslo,163,170
maslom,1,2
maslomopekany,1,0
maslomzat,1,0
maslovo,3,2
maslovy,108,32
maso,788,1
masom,10,1
masove,1,0
masovo,3,0
masovy,84,1
masovymi,1,1
massaman,1,0
mast,6,1
masteny,4,1
mata,4,12
matko,1,0
matovy,5,2
matrician,0,1
max,0,1
maxi,0,1
mayo,1,3
mc,1,0
meat,17,1
meciar,1,0
med,26,5
medaijlonka,1,0
medailon,4,0
medailonik,17,1
medailoniky,1,0
medailonka,41,1
medailonky,7,0
medajlonik,1,0
medajlonka,80,0
medajlonky,1,0
medajlony,1,0
medallions,1,0
mede,1,0
medilonka,1,1
mediteransky,4,6
mediterran,0,1
medium,1,0
medom,1,0
medov,0,1
medove,1,0
medovej,1,0
medovka,0,1
medovo,33,6
medovosezamovy,1,0
medovy,46,6
medvedi,2,2
mega,2,0
megabuchta,0,1
meid,1,0
mein,1,0
mela,1,0
melanzan,0,1
melanzane,0,1
melanzano,0,5
melenec,0,3
melitzaniest,1,0
melon,1,0
melrose,0,1
menit,1,0
merano,1,0
mercimek,0,1
merin,0,4
mesec,2,0
mexican,12,0
mexicano,1,0
mexicka,0,3
mexicky,87,9
mexico,10,0
mexiko,3,0
miady,0,1
mierny,1,0
miesana,1,0
miesanom,1,1
miesany,149,58
miest,1,0
miet,1,0
mign,1,0
mignon,3,0
milada,1,0
milanesa,0,1
milaness,0,1
milano,2,1
milansky,3,8
millet,1,0
mineralka,7,19
mineralny,0,1
minester,0,1
minestron,9,51
minestrone,0,3
minestronka,0,1
ming,1,0
mini,11,5
miniplacka,1,0
minisalatik,1,0
mint,0,1
minutka,0,1
mio,3,0
miska,3,0
misko,1,1
miso,1,1
mista,1,0
mix,56,22
mixed,4,0
mixovany,1,8
mixta,1,0
ml,1,0
mlady,16,10
mlety,71,2
mliecny,6,11
mlieko,64,38
mlynarsky,4,0
mn,1,0
mnamkovy,1,0
mnichovsky,1,0
modeno,2,0
modry,8,8
montreal,1,0
moo,2,0
mora,3,0
moravsky,52,5
moravskym,1,0
morcaci,289,0
morcacie,9,0
morcit,1,0
morka,7,0
mornay,3,0
morsky,11,1
mortadella,1,0
motylik,1,0
mouss,0,2
mozaikovy,1,0
mozarella,8,5
mozarelles,10,2
mozarellou,1,0
mozarely,6,1
mozariet,1,0
moznost,4,0
mozocek,0,1
mozzalla,1,0
mozzarella,86,35
mozzarelles,100,29
mozzarellovy,0,1
mozzarelou,5,3
mozzarelovy,0,1
mozzarely,28,11
mozzariet,3,1
mrezovnik,0,1
mriezka,2,0
mriezkovy,0,1
mrk,1,0
mrkovovy,0,2
mrkva,64,52
mrkvicka,7,5
mrkvickou,1,0
mrkvickovy,1,3
mrkvou,3,0
mrkvova,0,3
mrkvovo,12,22
mrkvovy,70,80
mrkvovymi,1,0
mrvenec,0,1
mrvenica,4,17
mrvenicka,9,59
mrvenickou,0,1
mrvenicou,0,1
mrvenka,0,2
mry,2,1
mucinik,0,1
mucny,0,1
mudamas,1,0
muffin,0,1
muka,2,6
mung,0,1
mungo,0,2
mungovy,0,1
musak,6,4
mushroom,6,7
mushrooms,4,6
muskatovy,2,3
musla,1,0
muslicka,4,15
muslickovy,1,0
mustard,2,1
mustovy,1,0
myslivec,1,0
n,4,1
nachos,2,1
nadivany,1,0
nadychany,0,1
nagetka,2,0
nahradit,1,0
nakladany,14,5
nakladeny,1,0
naklepany,1,0
nakrajany,1,0
nakyp,0,49
nakysnut,0,4
nalev,1,0
nalozeny,1,0
namornicky,11,0
nanas,0,1
naopak,2,0
napln,0,4
napoj,4,13
napol,1,1
napoletan,1,0
napolitan,1,0
nasa,2,1
nasi,1,0
naslahany,1,0
nat,3,0
natierka,1,4
natur,0,2
natura,1,2
natural,3,18
naturalny,0,1
naturalt,0,1
natvrdo,0,1
naviseny,3,0
navrchu,1,0
nealkoholicky,0,1
neapnut,2,0
neapolitan,0,1
neapolsky,0,1
nebezpecny,1,0
nebicko,1,0
necestovina,0,1
neck,3,0
neid,1,0
neplneny,0,1
nero,1,1
neskutocny,1,0
nevsedny,0,1
nice,0,2
nicois,3,0
nielen,4,0
nilsky,1,1
nitka,5,0
nitovka,11,2
nitra,4,6
nitrawa,0,1
niva,101,32
nivo,5,5
nivou,1,0
nivova,1,0
nivovo,1,4
nivovou,3,0
nivovy,88,25
nivy,0,1
noc,0,2
nocka,0,1
nok,11,1
nokerla,4,0
noodles,2,3
norskeho,1,0
norsko,1,0
norsky,4,0
nougat,0,1
novinka,12,5
novohradska,2,0
novorocna,1,0
novorocny,1,3
nudel,0,2
nugat,0,2
nugatka,1,0
nugatovy,0,4
nugeta,13,0
nugetka,59,7
nugetovy,0,1
nugett,0,1
nuno,2,0
nuong,2,0
nuro,2,0
nut,2,0
nutela,0,18
nutella,0,5
nutelovy,0,4
nutiet,0,1
nuts,0,2
o,1,0
obal,14,2
obaleny,25,6
obalovane,1,1
obalovany,10,3
obalovat,1,0
obdoba,1,0
obed,1,3
obedovy,1,0
obilnina,66,32
obl,7,0
obloha,307,54
oblozenie,32,6
oblozeny,0,1
oblubeny,12,0
obohateny,0,1
obrateny,35,1
obsahovat,90,34
obsahujuci,3,9
ochuteny,4,0
ocot,1,3
odpalovany,0,1
oglio,2,3
oiivo,1,0
ok,2,0
oko,133,62
okoks,0,1
okom,2,0
okomks,0,2
okra,1,0
okrem,1,0
olej,27,44
olio,10,25
oliva,101,57
olives,1,1
olivovo,4,0
olivovy,33,31
olivy,0,1
ollio,0,1
om,2,1
omac,3,5
omacat,1,0
omack,1,1
omacka,1564,645
omackadruh,2,0
omacke,7,3
omacko,2,0
omackou,12,2
omacky,7,0
omc,1,0
omeleta,9,5
onion,4,0
op,10,2
opacny,1,0
opasok,1,0
opecena,2,0
opeceny,56,39
opek,20,1
opekacka,1,0
opekane,3,0
opekany,342,61
opekeny,2,0
opera,2,0
opiect,2,2
opkeny,1,0
opr,0,2
oprazeny,30,22
oprazit,2,0
oranga,1,0
oranzovy,1,3
orava,2,0
oravsky,35,0
orchidea,0,1
orech,14,20
orecha,3,23
orechovo,0,2
orechovy,2,26
oregan,1,0
oregano,24,2
oriantalny,1,0
orient,4,0
orientalny,3,2
orientalsky,1,0
orieskovo,0,1
orieskovy,0,1
oriesok,5,10
original,2,0
originalny,1,0
originat,1,0
orlica,1,0
osi,1,0
osia,0,2
oskvarkovy,1,0
oslava,1,0
osmazeny,1,0
osriezat,1,0
ostiepkom,2,0
ostiepkovy,1,0
ostiepok,35,58
ostriez,2,1
ostro,8,0
ostrokysla,2,0
ostrokysly,13,1
ostrosladky,1,0
ostrov,3,0
ostry,1,1
osuch,0,4
otvoreny,0,1
ovarovy,1,0
ovci,6,6
ovo,0,1
ovocia,0,1
ovocie,5,95
ovocieks,0,1
ovocno,0,2
ovocny,13,52
ovseny,2,6
own,1,0
oyster,0,2
oystermushrooms,0,1
p,6,3
pad,2,3
padano,2,1
padany,0,1
padarajka,0,1
paela,1,0
paelles,1,1
pakcho,2,0
palacinka,23,130
palacinkovy,0,2
palacinky,0,1
palajo,0,1
palermo,3,0
palicka,1,0
palivy,0,3
palmovy,3,0
palot,0,1
pampuch,0,1
pampusik,0,1
pancaka,1,0
pancakes,0,3
pancett,0,1
pancetto,3,2
pancetty,3,4
panchet,0,1
pancheta,2,2
panchetto,0,1
panchetty,1,0
paneer,0,1
paneka,2,0
panen,1,0
panenka,347,0
panenky,6,0
panenska,1,0
panensky,1,0
pangasius,9,0
pangratty,0,1
pani,2,0
panini,2,1
panko,3,0
panna,3,9
pannacota,0,1
pannek,1,0
panonia,1,0
panorama,1,0
pantat,1,0
panvica,3,0
panvick,1,0
panvicka,8,1
pao,30,1
papardelle,5,1
papo,1,0
pappardelle,2,2
papr,1,0
papricka,10,5
paprickami,1,0
paprika,139,64
paprikas,62,16
paprikov,1,1
paprikovy,14,5
papulka,1,0
paputsakia,1,0
para,8,26
parad,15,4
paradajka,321,155
paradajkami,4,5
paradajkou,1,1
paradajkov,16,11
paradajkova,0,3
paradajkovy,222,225
paradajky,4,0
paradajovy,0,1
paradat,4,0
paradjka,0,1
paradjkovy,0,2
parantat,1,0
pardajka,1,1
parena,0,1
parene,0,2
parenica,1,2
pareny,154,64
parfe,0,1
parikat,2,0
paris,2,0
parisienka,0,1
parisno,1,0
parit,21,1
parizske,1,0
parizsky,49,1
park,1,1
parka,1,0
parkom,9,0
parm,1,0
parma,2,0
parmazan,5,3
parmesan,4,4
parmessan,1,0
parmez,1,0
parmezan,224,193
parmezanom,1,1
parmezanov,1,0
parmezanovy,27,10
parmezany,0,1
parmigiana,0,3
parmsky,4,0
parok,157,0
parslny,4,2
pasirovany,1,0
passion,1,0
pasta,11,6
paster,1,0
pastierkyna,1,0
pastierska,1,0
pastiersky,5,1
pastra,1,0
pastriesit,0,1
pastrnakom,1,0
pastrnakovy,3,4
patat,0,2
patizon,1,0
patriot,1,0
patvonavy,3,0
pazitka,44,20
pazitkovy,15,5
pea,7,2
peas,3,3
pecen,79,1
pecena,6,0
pecene,16,4
pecenovo,2,0
pecenovy,75,13
pecenovymi,1,0
peceny,961,134
pecenymi,1,0
pecienka,89,0
pecienkovy,6,0
pecienky,1,0
pecivko,0,2
pecivo,35,13
pecny,1,0
pecori,1,0
pecorin,4,7
pecorino,0,1
peeled,1,0
pekac,5,0
pekarsky,2,0
pekingsky,3,2
pekinsky,1,0
pekorin,0,2
pely,1,0
pena,9,16
pene,3,1
penenka,2,0
penne,121,87
peperonata,2,0
peperoncino,6,9
pepper,5,0
pepperon,2,0
pepperoncino,0,2
peprovy,1,0
pereny,0,1
perka,0,7
perkelt,96,26
perlicka,1,2
perlovy,0,1
pernik,0,1
pernikovy,0,2
persian,2,0
persie,1,0
peruansky,2,1
perzat,1,0
pest,55,40
pesta,3,0
pesto,14,13
pestom,2,0
pestovy,0,1
pestrofarebny,1,0
pestry,2,0
petrz,2,1
petrzelka,1,0
petrzlen,8,3
petrzlenevy,0,1
petrzlenka,1,0
petrzlenovo,0,1
petrzlenovy,46,25
petrzt,1,0
petzlenovy,2,0
pfefer,5,0
pfeffer,23,0
pfepfer,2,0
pffefer,1,0
phad,3,0
pheasant,2,0
phed,1,0
picant,1,0
picante,1,0
piccant,1,0
pickel,2,0
pickles,2,1
pieces,15,0
piect,15,2
pikant,10,1
pikantne,2,0
pikantny,138,14
pikantnym,1,0
pilaf,1,1
piniovy,0,4
pipka,0,1
piroh,75,43
pirozok,0,2
piselt,1,1
piskota,0,3
piskotovo,0,1
pismenko,3,5
pistacia,1,0
pit,0,1
pita,1,0
pito,10,9
pity,0,1
pivarsky,2,0
pive,1,0
pivnom,2,0
pivny,27,3
pivo,43,2
pivovarnicky,1,0
pivovarsky,4,0
pivovy,7,2
pizoovy,0,1
pizza,374,153
pizzaela,1,0
pizzastangla,0,3
pizzetka,1,0
pizzovy,0,2
pl,18,2
pla,1,0
placicka,1,1
placka,130,58
plackag,1,0
plackami,1,0
placke,2,0
placocka,1,0
plast,1,0
plat,3,0
platka,4,0
platok,231,6
plece,18,0
plech,5,1
plecko,1,0
pleny,1,1
plesen,0,1
pleskavica,9,4
plesnivec,0,2
plesnovy,1,0
pliecko,55,0
pljeskavica,1,0
pln,3,1
plnena,5,2
plnene,1,0
plneny,563,181
plnenysunka,1,0
plnka,51,20
plnney,1,0
plny,1,2
plod,1,1
plovdivsky,5,1
plum,1,0
plundrovy,0,1
plzensky,1,0
pneny,1,0
pnut,4,6
poached,1,0
pochod,5,53
pochut,1,0
pochutina,0,2
pochutiny,0,1
pochutka,30,2
pochutkovy,3,0
podavana,1,1
podavane,3,0
podavany,173,29
podavat,2,0
podliaty,1,0
podlievany,1,0
podnut,0,1
podtatransky,1,0
pohanka,2,9
pohankovo,0,1
pohankovy,1,17
pohar,0,1
pohronska,0,1
poipett,1,0
pol,3,1
polent,4,2
polenta,13,0
polentou,1,0
poleva,0,18
polevka,0,1
poliaty,2,24
poliecko,1,0
poliekva,1,0
polievat,0,3
polievka,500,855
polievky,18,2
polievocka,1,4
polka,2,0
pollo,16,9
polnicek,6,6
polnickom,1,0
polnickovy,1,0
polny,1,0
polo,4,1
polostiepok,0,1
polovica,2,0
polovicka,1,0
polovnicky,26,1
polozeny,1,0
polpetka,1,0
polsky,1,2
pomaly,15,0
pomaran,0,1
pomaranc,18,6
pomaranca,1,0
pomarancov,2,0
pomarancovy,7,4
pomazanka,0,1
pomiet,1,1
pomodor,2,3
pomodoro,39,21
pompei,0,1
pomsta,1,0
pondelok,1,0
ponuka,12,32
ponukat,1,0
popaj,0,1
poppy,0,2
popuceny,2,0
por,40,24
porchetto,1,1
porcia,59,21
porik,8,9
porikovy,0,1
pork,49,2
porka,1,0
porkov,1,1
porkova,0,1
porkovy,1,28
porok,3,4
porov,3,2
porovy,19,27
portobello,1,1
portsky,6,0
posirovany,10,0
postruhany,1,0
posuch,2,6
posucho,1,0
posyp,0,1
posypane,1,0
posypany,35,44
posypka,3,67
posypkou,0,1
potato,10,5
potatocream,0,1
potatoes,51,14
potlaceny,0,1
potrety,2,0
poultra,2,0
poziadanie,2,0
pr,3,0
prach,1,0
pragua,1,0
prasiatko,5,0
praskovy,0,6
pravy,7,2
prazany,7,0
prazenica,9,0
prazeny,6,7
prazit,1,0
prazma,1,0
prazsky,6,0
predjedlo,1,1
prekladany,3,3
prekvapenie,1,1
prelat,23,38
preliaty,28,8
preliv,6,3
prelivom,0,1
prelozeny,2,0
prepared,1,0
prepeceny,0,1
prepelici,1,0
prepusteny,0,1
prerastany,2,0
presporsky,1,0
pressburg,1,0
pretlacany,10,0
pretlaceny,2,0
pretlak,0,3
prevonany,1,0
priat,0,1
pridat,3,0
prievoznicky,1,0
prilhy,1,0
priloha,159,49
prilohovy,5,0
prima,1,0
primavera,0,5
pripraveny,1,0
pripravit,1,0
prir,5,0
priroda,1,0
prirodna,1,0
prirodne,2,0
prirodno,47,0
prirodny,145,4
prisada,5,0
privarkom,1,0
privarok,158,53
profiterol,0,1
promo,1,0
prosciuta,1,0
prosciuto,3,0
prosciutt,30,1
prosciutto,56,0
prosciuttom,1,0
prosciuttto,1,0
prosciuty,7,0
proscuito,1,0
proscuitt,0,1
prosecco,0,1
prossec,0,1
prosuta,7,0
prosuto,0,1
prosuty,2,1
provencial,5,1
provencionale,1,0
provensalske,1,0
provensalsko,1,0
provensalsky,18,2
provenzal,3,0
provincial,6,0
provinciall,1,0
provolon,1,0
prs,1,0
prsa,1,0
prsia,711,0
prsiavit,1,0
prsicek,5,0
prsicko,1,0
prsie,10,0
prst,1,0
prudko,2,0
pruzok,1,0
pryvarok,1,0
psenicnej,2,1
psenicny,6,1
pseno,1,4
psenoto,0,1
psenovo,0,1
psenovy,1,1
pstrosi,0,1
pstruh,41,0
pt,3,0
pub,0,1
puc,2,0
puceny,33,5
puding,1,26
pudingovy,0,1
puff,1,0
pulitzer,2,0
pult,0,2
pumpkin,1,3
puncovy,0,1
pupok,1,0
purey,0,2
pusinka,1,0
putanesec,1,0
puttanesec,2,2
pyd,1,0
pyre,221,44
pyro,2,0
pyroh,1,0
pyta,0,1
qautro,0,1
quark,0,2
quatro,2,16
quatroformaggi,0,1
quatroformagi,1,0
quatrro,0,3
quattro,5,27
quattroformaggi,0,1
quesadilles,0,1
quicha,1,1
quinoa,3,5
quinoe,1,0
quinoit,0,1
r,41,11
ra,2,1
rabiaty,0,1
racional,1,0
rafaello,1,0
rag,6,2
raga,1,0
ragout,3,1
ragu,118,16
raisins,0,1
rajbanicka,0,1
rajcina,29,20
rajcinka,1,1
rajcinovo,4,0
rajcinovy,21,20
rajnoh,1,0
rajta,2,0
ramen,1,0
ran,0,1
ranajky,1,0
ranantiersky,0,1
ranatiersky,0,1
ranch,2,0
rarasik,1,0
rarasok,1,0
rasca,30,8
rascov,0,1
rascovy,9,36
ratatouile,1,1
ratatouille,16,8
ratatuille,2,1
rattatouile,1,0
rattatouille,0,1
raviol,0,6
raw,0,2
razanec,1,0
razen,0,1
razni,1,0
raznici,21,0
razniky,1,0
razny,0,1
rebarbor,1,0
rebarbora,0,1
rebierko,27,0
rebro,29,0
recky,0,1
red,5,0
redchard,1,0
redikcia,0,1
redk,1,0
redkovka,4,4
redkovkovy,1,0
redkvicka,1,2
reduction,0,1
redukcia,2,4
relis,2,0
relit,1,0
remoulad,1,0
remulada,2,0
repa,12,15
repkovy,1,0
repy,0,1
rest,6,1
restovana,1,0
restovane,2,1
restovany,144,30
restovanym,1,0
restovanymi,1,0
rez,3,1
reza,0,1
rezancami,4,2
rezance,1,0
rezancek,55,1
rezanec,388,71
rezen,979,13
reznik,8,2
rezniky,4,0
riasa,1,0
rib,1,0
ribat,2,0
ribezla,1,0
ribezlovy,2,3
ribs,1,0
rica,40,7
riccota,0,1
riccotou,0,1
richtarsky,0,3
richter,0,1
rick,0,1
ricota,0,1
ricotto,1,4
ricottty,1,0
ricotty,6,8
riedka,0,1
riesling,0,1
rigaton,1,1
rigatt,1,0
rikota,0,1
rilovany,9,4
rimske,1,0
rimsky,6,4
risi,0,1
risit,1,0
risoto,0,1
risotto,31,21
rissota,1,0
rissotto,5,4
rizoto,226,178
rizotto,2,5
riztoto,0,1
roast,7,0
roastbeef,3,1
roasted,3,0
rob,1,0
robeny,0,1
robert,1,0
robiola,2,1
robit,3,4
rocket,0,1
rockfortovy,1,1
roh,33,2
roha,1,0
rohlik,4,3
rohy,1,0
rokford,1,0
rokfortovy,3,0
rolada,66,8
roladka,6,0
rolka,43,3
roll,2,0
rolls,0,1
rolovany,1,0
roma,1,1
romadur,2,0
romagny,1,0
romanesco,1,1
root,2,2
rosina,1,0
rosini,1,0
rossini,3,0
rosso,0,3
rost,26,2
rosta,3,0
rostbeaf,1,0
rostbif,1,0
rostenec,1,0
rostenka,51,1
rotollo,1,0
rotolo,2,0
rotunda,0,2
rozbif,1,0
rozhadzana,1,0
rozkovy,1,0
rozmajrin,0,1
rozmarin,40,4
rozmarinov,1,0
rozmarinovy,8,0
rozok,1,8
rozovy,0,1
rozpusteny,0,3
roztlaceny,1,0
roztopeny,0,2
rozvoz,4,6
ruccola,1,0
ruccolla,0,1
rucne,0,1
rucola,6,7
rucolla,2,0
rucolovo,2,1
rucolovy,3,3
ruk,3,0
rukola,71,53
rukole,1,0
rukolles,1,0
rukoloa,0,1
rukolou,3,2
rukolov,1,0
rukolovo,2,1
rukolovy,19,9
rukut,0,1
rump,8,0
rumpsteak,2,0
rumsteak,1,0
rusky,12,1
rustican,4,0
ruza,1,0
ruzicit,1,0
ruzicka,0,1
ruzickovy,4,4
ruzit,1,0
ruzova,2,0
ruzovy,4,0
ryba,17,0
rybaci,33,0
rybacia,2,0
rybi,77,0
rybie,2,0
rybka,1,0
ryi,0,1
rynsky,1,0
ryt,3,0
ryz,5,0
ryza,2231,136
ryzag,1,0
ryzat,2,0
ryzou,2,0
ryzov,4,0
ryzove,1,0
ryzovy,36,67
r”ßst,1,0
s,2,0
sacher,0,3
safran,1,2
safrane,1,0
safranovy,17,6
sagio,2,0
saivia,1,0
sal,1,0
sala,18,0
salad,20,4
salads,0,2
salama,64,0
salamov,2,0
salamovy,15,0
salasnicky,6,1
salat,1721,555
salate,2,1
salatik,38,28
salatikomfrancuzsko,1,0
salatovy,7,5
salatovych,1,0
salaty,2,0
salka,0,1
salmon,5,0
salmona,2,0
salnina,1,0
salotka,18,3
salotkovo,2,0
salotkovy,3,0
sals,2,0
salsa,15,9
salses,1,0
salsicat,0,1
saltado,1,0
saltimbocco,3,0
saltimboco,1,0
saltinbocco,1,0
salvia,7,3
salviovo,2,0
salviovy,0,1
salvy,1,0
sambuci,0,1
sambus,0,1
samoinon,1,0
samostatny,2,0
sampa,5,2
sampinit,6,0
sampinnovy,0,1
sampinomny,0,1
sampinon,243,156
sampinona,0,1
sampinonami,1,0
sampinonmi,6,0
sampinonov,1,1
sampinonova,0,3
sampinonovo,8,1
sampinonovou,1,0
sampinonovy,65,96
sampion,11,6
sampionoch,1,0
sampionov,0,3
sampionove,0,1
sampionovy,5,4
san,2,0
sandwi,2,0
sanghaj,1,0
sanghat,1,0
sapinon,1,0
sapmpinon,2,0
sardela,1,1
sardelovy,1,0
sardinka,2,0
sarma,1,2
saslik,1,0
sat,3,0
satocka,0,1
sauci,33,10
sauer,2,0
sauerkraut,5,0
saus,1,0
sausaga,10,1
savarma,1,0
scaloppina,2,0
schnitziet,5,0
schwarcvaldsky,1,0
schwartzvaldsky,1,0
schwarz,3,0
schwarzvaldsky,2,0
schwarzwaldsky,8,0
sduseny,1,0
secchi,0,1
secuansky,5,0
sedan,0,4
sedliacka,1,0
sedliacky,63,3
sedliak,1,0
seeds,0,2
sef,1,4
sefkuchar,1,0
sefkuchara,5,0
segedin,1,0
segedinsky,87,7
segedynsky,1,0
segmento,1,0
sekany,27,10
selena,0,1
semiacko,2,8
semienko,3,6
sendvic,4,1
sepiovy,1,0
seppit,1,0
serano,1,0
serbian,2,0
serbium,1,0
served,1,0
servirovany,6,0
sesat,2,1
severny,1,0
seza,0,1
sezam,50,17
sezamom,2,0
sezamov,0,1
sezamove,1,0
sezamovom,1,0
sezamovy,14,9
sezat,12,0
seznam,3,0
sezonny,4,3
sfilack,1,0
shallot,0,2
shark,1,0
sherry,0,2
shia,1,0
shitaka,4,2
shitake,1,0
sicil,1,0
sicilia,2,1
sicilian,1,0
siciliana,1,2
sicilsky,7,3
silny,20,0
silvansky,0,1
sindibada,0,1
sipka,1,0
sipkovo,3,0
sipkovy,17,1
sirloin,11,0
siroky,2,8
sirup,0,10
siska,0,17
sistawuk,1,0
sit,1,0
sk,1,0
skandinavsky,1,0
skladany,2,0
skladat,1,0
skleneny,2,0
skolkarsky,0,1
skorica,1,5
skoricovy,1,9
skutocny,1,0
skvarkovy,0,1
skvely,1,0
slad,0,1
sladka,0,1
sladko,12,9
sladkokyslit,2,0
sladkokysly,5,1
sladkokysnut,1,2
sladkopikantny,1,0
sladky,12,29
slahacka,1,75
slahackou,0,1
slahackovy,1,0
slahany,1,0
slahcka,0,1
slama,1,1
slan,1,0
slana,2,0
slanika,1,0
slanin,1,0
slanina,307,0
slanine,1,0
slaninka,426,0
slaninkou,3,0
slaninkouva,1,0
slaninkouvy,1,0
slaninkovo,1,0
slaninkovy,18,0
slaninnka,1,0
slaninou,1,0
slaninovo,2,0
slaninovy,29,0
slano,1,4
slany,1,4
slavka,1,0
sleh,1,0
slepaci,519,1
slepacia,3,0
slepit,4,3
slica,9,0
slimak,3,0
slivka,28,7
slivkach,1,0
slivkove,0,1
slivkovo,5,2
slivkovy,37,48
slivkovym,0,1
slivky,0,1
sliz,13,5
slizik,8,0
slnecnica,0,1
slnecnicovy,3,3
slniect,0,2
sloni,2,0
slov,3,0
slovak,1,0
slovakian,4,0
slovan,0,1
slovenska,1,0
slovensky,112,14
slovinsky,1,0
slyz,0,1
slza,0,1
smakoun,0,1
small,0,1
smazeny,5,0
smazienka,0,1
smazit,1,0
smo,1,0
smoked,6,1
smoothia,1,1
smot,5,1
smotama,1,0
smotan,4,1
smotana,331,113
smotane,4,0
smotanka,1,0
smotanoa,0,1
smotanonov,1,0
smotanou,1,1
smotanov,49,19
smotanovej,2,0
smotanovo,1,0
smotanovou,0,1
smotanovy,106,37
smotany,0,1
smotsnov,0,1
smpinona,0,1
sn,1,0
sneh,0,2
snicla,1,0
soba,1,0
soda,0,1
sodo,0,1
soj,3,0
soja,0,7
sojaneza,0,3
sojou,0,1
sojovka,0,1
sojovo,2,0
sojovy,28,20
sojovym,0,1
sol,1,0
sola,1,0
soljanka,1,0
somlo,0,1
sopronsky,1,0
sopsky,5,16
sorbet,0,2
sososvicovy,0,1
sosovica,12,27
sosovicka,0,1
sosovicova,3,6
sosovicovo,0,5
sosovicovy,130,143
sota,11,0
sote,274,2
soudrat,1,0
soup,18,31
sour,7,3
sous,32,0
sousvidovany,1,0
sovdra,1,1
soybean,1,0
sp,2,0
spageta,151,52
spagetovy,1,0
spagett,3,2
spagety,3,4
spaghet,3,0
spaghett,21,10
spaldoto,0,2
spaldovy,12,8
spaniel,2,0
spanielska,2,0
spanielsko,1,1
spanielsky,47,3
spanish,1,0
spara,1,0
spargl,1,0
spargla,35,6
sparglou,1,0
sparglov,0,1
sparglove,1,0
sparglovy,6,13
spargnut,1,0
spartan,1,0
spatzel,1,0
special,6,0
specialita,8,1
specialitks,1,0
specialny,8,0
speciat,1,2
speck,3,0
specla,7,1
speclo,2,0
specok,0,1
spek,0,1
spekacik,1,1
spekacka,1,1
spenat,156,93
spenatik,0,2
spenatom,1,2
spenatov,7,9
spenatova,2,1
spenatove,2,2
spenatovy,82,171
spenaty,1,0
speneny,0,1
spezial,0,1
sphagett,0,1
spica,3,0
spices,2,0
spicka,2,0
spik,2,0
spikovany,32,0
spikovy,1,0
spina,4,5
spinacchi,1,1
spinachi,1,2
spinaci,2,3
spiralka,1,1
spissky,4,1
spiz,64,11
spiza,1,0
spodny,1,0
sposob,168,22
sprouts,1,0
srbske,1,0
srbsky,35,4
srdce,3,0
srezenec,1,0
sriracha,0,1
srnca,1,0
srncat,5,0
srnec,1,0
staek,1,0
stagion,3,0
stagione,0,1
stagionny,1,0
stak,1,0
stangel,0,2
stangla,7,7
starocesky,4,6
staromestiansky,1,0
staropramen,1,0
staroslovansky,1,0
starter,1,0
stava,20,2
stavnaty,17,2
steacik,1,0
steak,679,0
steakove,1,0
steakovy,27,0
steaks,1,0
steamed,7,2
stefansky,13,1
stehenny,9,0
stehienko,16,0
stehna,1,0
stehno,498,0
stejk,1,0
ster,0,1
sterilizovany,10,4
stew,2,2
stewed,28,3
stick,0,1
sticks,0,4
stifado,1,0
stir,1,0
stogan,1,0
stonkovy,2,0
stopkovy,0,3
stouchany,1,0
strack,0,1
strakaty,0,1
strapacka,40,14
strapaty,2,0
strateny,2,6
streda,1,0
stredomorsky,5,2
stredoslovensky,1,0
stredozemsky,0,1
strelizovany,2,0
streusiet,1,3
striaska,1,0
strips,1,0
stripsa,4,0
strogan,89,1
stroganof,2,0
stroganoff,13,2
stroganov,3,0
stroganovsky,1,0
strudla,4,18
strudlicka,0,2
struh,1,0
struha,1,1
struhanie,0,2
struhanka,22,45
struhanke,1,1
struhankou,0,1
struhankovou,0,1
struhankovy,0,3
struhanou,1,0
struhany,56,45
struhanym,2,0
struk,13,7
strukovina,0,1
strukovinovy,1,2
strukovy,1,1
strust,0,5
stuchany,96,10
studeno,0,2
studentsky,2,0
stuffed,1,0
stuhanka,1,0
stuka,4,0
stupavsky,4,0
stvrt,10,0
stvrtka,2,0
stvrtok,1,0
styri,3,7
suchany,0,1
suchy,0,1
sud,1,0
suea,2,0
suey,1,0
sugar,0,1
sugo,0,1
sukennicky,1,0
suki,1,0
sulanc,1,18
sulanec,5,50
sum,1,0
sumcek,2,0
sumec,3,0
sunka,487,0
sunko,1,0
sunkoflek,2,0
sunkou,13,0
sunkova,2,0
sunkovo,17,0
sunkovy,35,0
sunshina,1,0
supa,0,1
supka,19,3
suprat,3,0
suprema,2,0
surimi,2,0
surschnitziet,2,0
susen,2,0
susene,2,0
suseny,109,66
susienka,0,1
susit,15,4
sutelica,0,1
svajciarsky,1,0
svarcvaldsky,1,0
svarvald,1,0
svedsky,2,0
sviecka,1,0
svieckova,3,0
svieckovej,1,0
svieckovica,30,0
svieckovy,119,1
sviezi,7,2
sw,1,0
swartzwalsky,1,0
sweet,22,5
swiss,1,0
sypany,2,3
syr,1037,704
syra,0,1
syroky,0,1
syrom,9,5
syrov,20,9
syrove,0,1
syrovej,1,0
syrovom,2,0
syrovy,145,97
syrovym,1,2
syrta,0,1
syt,0,1
sytat,1,0
szegedinsky,0,1
szeget,3,0
t,31,23
tabbouleh,1,0
tacos,0,2
tafelspitz,2,0
tagina,1,0
tagliatel,2,0
tagliatell,3,0
tagliatelle,45,25
tagliatello,1,0
tagliattel,2,0
tagliattelle,0,1
taglietelle,1,0
tagliolina,1,0
tagliolini,1,1
taglliatelle,1,0
tahini,1,3
tahona,1,0
tajomstvo,2,0
tajsky,1,0
taka,1,0
taliansko,8,16
taliansky,43,15
tamarindovy,0,1
tandoor,7,0
tanier,40,8
tankovy,2,0
tapenada,1,1
tapiokovy,0,1
tarhna,1,0
tarhona,195,4
tarhonoto,1,2
tarhonovy,1,0
tart,0,2
tartar,2,8
tas,1,0
taska,1,0
tasticka,2,8
tat,14,27
tatar,1,1
tatarit,0,2
tatarka,25,22
tatarska,3,4
tatarskou,1,0
tatarsky,207,358
tataska,0,1
tatiana,0,1
tatraky,0,1
tatransky,6,1
taveny,5,1
tavenyr,0,1
tavenyrit,0,1
tawuk,1,0
tazina,1,0
tbck,2,0
tbolognesa,1,0
teaw,1,0
tehla,0,1
tekovsky,1,0
tekvica,20,28
tekvicka,0,2
tekvicove,1,0
tekvicovo,3,7
tekvicovy,29,78
telaci,64,0
telacie,1,0
tempeh,0,7
tempeha,0,2
tempur,5,0
tenderloin,1,0
tenier,1,0
tenky,1,0
teplo,1,0
teply,7,5
terc,1,0
terchovske,1,0
tercik,1,0
teriak,1,0
terinka,0,1
teriyaki,7,2
teryaki,1,0
teryiak,1,0
texas,3,0
tha,3,3
thai,1,0
thaisky,1,0
thajsko,1,0
thajsky,27,9
thaow,1,0
that,1,0
thilapit,1,0
thit,2,0
threy,1,0
thymian,1,0
tiahnutie,1,0
tigri,1,0
tikka,4,1
tilapia,4,0
tilapit,16,0
timbal,1,0
tip,5,0
tiramisu,0,1
tirolsky,11,2
tisic,3,0
tiszat,1,0
tiszay,5,0
tlacenka,0,1
tlaceny,10,0
tmavy,5,0
toast,63,47
toasta,0,2
tofa,11,90
tofat,0,3
tofu,0,1
tokan,38,3
tomato,12,7
tomatoes,2,3
tonno,14,0
tono,1,0
topinambura,1,1
topinanburovy,0,1
toping,0,9
topped,0,1
topping,0,1
toricka,0,1
torinsky,1,0
torta,0,4
tortelina,2,2
tortellina,1,0
tortellini,5,3
tortellon,0,2
torticka,3,2
tortigilion,0,1
tortila,7,0
tortile,1,0
tortilla,1,1
tortille,9,3
tortilles,29,9
tortily,0,1
tortit,11,2
torttit,1,0
toscan,1,1
toscana,1,0
toskansky,7,4
toust,1,2
tradicny,15,1
transylvanit,1,0
transylvansky,1,0
trava,1,0
trebulka,4,2
trenciansky,1,0
treska,42,1
trevit,1,0
trey,1,0
trhanec,1,4
trhany,6,7
tri,4,1
tricolor,0,1
trio,2,3
trofia,1,0
troj,2,0
trojboj,1,0
trojfarebny,2,3
trojobal,17,4
trojuholnicek,1,0
trojuholnik,3,3
tropic,1,0
tropicky,0,1
trota,0,1
trubicka,0,1
truhany,1,0
tsatsik,2,0
tukozrutsky,0,1
tuna,5,0
tuniaci,1,0
tuniak,84,0
tuniakoivy,1,0
tuniakove,3,0
tuniakovo,2,0
tuniakovy,28,0
turecky,4,1
turkea,15,0
turmeric,1,0
tutt,1,0
tvaroh,2,84
tvarohova,0,1
tvarohove,0,1
tvarohovo,0,11
tvarohovy,3,67
tvrdo,1,0
twister,1,0
two,1,0
tyc,1,0
tycinka,20,10
tymian,17,7
tymiana,6,0
tymianom,0,1
tymianovy,9,1
tyrolsky,2,0
tysa,1,0
tyzden,7,2
tzatsik,1,0
tzatzika,38,7
tzatziki,12,1
tzatziky,2,0
tzazika,3,0
u,2,0
ucho,2,0
ud,8,0
udena,0,1
udenie,1,0
udenina,38,9
udeninou,1,0
udeny,241,67
udenym,4,2
udinesa,0,1
uhliarsky,0,1
uho,1,0
uhor,1,0
uhork,4,0
uhorka,429,138
uhorkovy,71,25
uhorky,0,1
uhorsky,1,0
ujhaza,1,0
ukrajinsky,1,0
ulasovy,2,0
upeceny,1,0
uraci,1,0
uru,1,0
uruquay,1,0
uskovy,0,2
ustricovy,3,10
utorok,1,0
uvo,1,0
vaereska,1,0
vafel,0,1
vaha,0,1
vajce,106,90
vajci,1,1
vajco,0,1
vajcom,3,0
vajcovy,0,4
vajicka,1,0
vajicko,96,71
vajickom,0,2
vajickovy,6,4
vajicky,1,1
vakuum,1,0
valassky,1,1
valentinsky,0,1
valerian,0,1
valeriana,3,2
valerianka,0,2
valerianomg,1,0
vanilk,0,1
vanilka,0,2
vanilkovo,1,0
vanilkovy,3,80
vanilles,0,2
var,30,16
varenaks,0,1
varene,7,13
varenie,0,1
vareny,620,413
varit,1,1
vasabit,1,0
vazecky,3,1
veal,2,0
ved,1,0
veg,2,33
vega,1,5
vegan,5,24
vegansky,0,3
vegetabla,29,22
vegetarian,0,3
vegetariana,0,8
vegetariansky,1,17
vegetarit,0,1
veggia,0,1
vegi,0,2
velky,3,8
velouta,1,1
velouty,5,0
venezia,0,1
venezuelsky,0,1
venice,0,1
venison,1,0
veporsky,1,0
vepro,2,0
verda,0,2
verdur,1,0
verdura,1,0
vereny,0,1
vergina,0,1
veron,1,0
vesalica,1,1
veternik,0,1
veza,1,0
viaczrnny,0,2
vianocny,2,0
vichysoiss,0,1
vid,32,0
vieden,3,0
viedenska,3,1
viedensky,79,6
vietnamec,5,0
vietnamsky,1,0
vihorlatsky,2,0
vina,0,1
vinaigarett,1,0
vinaigrett,1,1
vinarsky,3,0
vinc,0,1
vincenzo,0,1
vine,2,0
vinea,0,1
vinegrett,0,1
vinicky,0,1
vinko,1,0
vinny,1,0
vino,117,14
vinohradnicky,1,0
vinov,4,1
vinovy,22,0
viola,1,0
violet,1,0
vip,8,0
virginit,1,0
visna,1,9
visnovo,0,1
visnovy,2,7
vitello,1,0
vladat,0,1
vlas,1,0
vlassky,8,5
vlast,1,0
vlastn,0,1
vlastny,4,3
vlk,5,0
vlocka,2,6
vnat,24,14
vnat'y,3,2
vnatka,26,17
vnatko,4,0
vnatkoug,2,0
voda,0,1
vodny,1,0
voli,0,1
volitelny,0,1
volske,4,1
volsky,129,63
volskym,2,0
vona,1,1
vrabec,55,0
vrbovsky,0,1
vrcharsky,1,0
vretenka,2,0
vrkoc,1,0
vrut,0,1
vruta,2,1
vtaci,0,1
vtacik,46,3
vulcano,0,1
vyber,23,13
vyberovy,2,0
vyhonok,3,1
vyk,1,0
vykost,3,0
vykostene,5,0
vykosteny,103,0
vylet,1,0
vyp,33,9
vypeceny,6,0
vypecka,8,0
vypek,6,0
vypr,29,5
vypraz,4,6
vyprazan,3,0
vyprazana,2,0
vyprazane,7,0
vyprazanou,0,1
vyprazany,758,493
vyprazny,1,0
vyroba,1,1
vysmazany,1,2
vysoky,3,0
vyvar,626,45
vyvarit,9,1
vzprazany,1,0
waldorfsky,2,0
wasabit,5,0
way,7,1
wedges,2,0
wellington,3,0
wero,1,0
western,1,0
whipped,1,1
whisky,2,0
wiener,5,0
wienerschnitziet,2,0
wina,3,0
with,99,68
wok,25,2
worcester,2,0
worcestrovy,1,0
wrap,0,1
wrapit,12,1
x,8,3
xao,1,0
xbravcovy,1,0
xl,9,0
xlabuznicky,1,0
xmoravsky,1,0
xvyprazany,2,0
xxl,16,1
xxt,1,0
y,1,0
yeast,0,1
yogurt,1,0
yokai,0,1
your,0,1
z,1,1
zabaleny,3,0
zabijacka,1,0
zabijackovy,25,0
zadny,5,0
zahoracka,1,0
zahoracky,13,2
zahradnego,1,0
zahradnicky,8,1
zahradny,3,2
zajit,2,0
zaklad,80,9
zakvas,1,0
zalievka,8,6
zamatovy,1,0
zamocky,1,0
zan,0,1
zandarsky,1,0
zap,8,0
zapecene,1,0
zapeceny,119,37
zapecenym,1,0
zapek,3,1
zapekacka,3,0
zapekan,0,1
zapekane,3,1
zapekanec,0,1
zapekany,238,149
zapekny,0,1
zapiect,3,0
zapravany,0,1
zaprazeny,0,6
zarestovany,1,0
zasmazeny,0,1
zasnezeny,1,0
zaudeny,2,0
zavarany,3,0
zavareny,1,0
zavarka,1,3
zavin,1,5
zavinuty,1,0
zavitla,1,0
zavitok,30,0
zazika,4,0
zazvor,18,18
zazvore,2,0
zazvorom,1,1
zazvorov,0,1
zazvorove,1,0
zazvorovej,1,0
zazvorovo,3,0
zazvorovy,7,6
zbojnicke,2,0
zbojnicky,14,1
zbojnik,1,0
zdobeny,16,9
zdravo,0,1
zdravy,0,2
zelanie,1,2
zelaninovy,0,1
zeleina,1,0
zeleleninka,1,0
zelen,3,1
zelena,0,1
zelenin,1,3
zelenina,725,271
zeleninan,0,1
zeleninka,26,26
zeleninou,5,7
zeleninov,0,4
zeleninova,3,5
zeleninovapolievka,0,1
zeleninove,0,1
zeleninovo,18,5
zeleninovy,318,512
zeleniny,0,1
zeleny,99,17
zelenych,2,0
zelenymi,1,0
zeler,13,12
zelerovo,5,7
zelerovy,22,39
zely,0,1
zem,45,4
zemaika,1,0
zemepan,1,0
zemiacik,29,22
zemiak,1870,889
zemiakmi,4,4
zemiakov,1,1
zemiakova,10,9
zemiakove,3,1
zemiakovej,1,0
zemiakovo,49,14
zemiakovom,1,0
zemiakovou,1,0
zemiakovov,0,1
zemiakovy,1113,290
zemiakovym,1,0
zemiaky,14,17
zemiakyg,2,0
zemiakyks,0,1
zemiansky,0,1
zemie,6,0
zemikovy,0,1
zeml,1,0
zemla,17,3
zemlov,1,0
zemlova,1,0
zemlovka,0,57
zemlovou,1,0
zemlovy,84,2
zemlovymi,1,0
zemplinsky,3,1
zerucha,0,7
zeruchovy,1,1
zidovsky,1,0
ziet,22,1
zimny,1,4
zivanka,1,0
zivanska,2,0
zivansky,27,0
zjemneny,2,2
zlatista,2,0
zlatozlty,1,0
zlaty,5,1
zlaz,1,0
zlaza,1,0
zlt,1,0
zltka,1,0
zltkovo,1,0
zlty,4,2
zmas,0,1
zmes,29,10
zmesny,1,0
zmiak,2,0
zmrzlina,0,3
znojemsky,34,0
znojmo,1,0
zobracky,1,0
zorek,0,1
zpekany,1,0
zralok,3,0
zrejuci,1,2
zrnko,0,1
zrolovany,0,1
zubac,17,2
zubaci,1,0
zucca,0,1
zucchini,2,7
zuchcini,1,0
zupan,9,1
zuppat,0,1
zverinovy,0,1
zvolensky,0,1
zvysenie,1,0